Entry,Lemma,Decoded Entries
1 עזיה] 30 עזיהו,"{'chapter': '1', 'verses': [1], 'lemmas': [{'lemma': 'עזיה'}]}","[[[{'Witnesses': [('', '30', '')]}, {'Rdg': {'Reading': 'עזיהו'}}]]]"
יחזקיה] 30 93 (pm) 96 יחזקיהו,"{'chapter': '1', 'verses': [1], 'lemmas': [{'lemma': 'יחזקיה'}]}","[[[{'Witnesses': [('', '30', ''), ('', '93', 'pm'), ('', '96', '')]}, {'Rdg': {'Reading': 'יחזקיהו'}}]]]"
ירבעם בן] 30 + נבט (non voc),"{'chapter': '1', 'verses': [1], 'lemmas': [{'lemma': 'ירבעם'}, {'lemma': 'בן'}]}","[[[{'Witnesses': [('', '30', '')]}, {'Rdg': {'Sigla': '+', 'Reading': 'נבט ', 'Comment': '(non voc)'}}]]]"
2 בהושע] 93 (pm) ביהושעIV (similarly PesiqtaR 33 (153b)),"{'chapter': '1', 'verses': [2], 'lemmas': [{'lemma': 'בהושע'}]}","[[[{'Witnesses': [('', '93', 'pm')]}, {'Rdg': {'Reading': 'ביהושע ', 'Comment': '(similarly PesiqtaR 33 (153b))'}}, {'Cross References': ['IV']}]]]"
3 ותלד] 150 (pm) + בן,"{'chapter': '1', 'verses': [3], 'lemmas': [{'lemma': 'ותלד'}]}","[[[{'Witnesses': [('', '150', 'pm')]}, {'Rdg': {'Sigla': '+', 'Reading': 'בן'}}]]]"
לו] 96 >I  II IV,"{'chapter': '1', 'verses': [3], 'lemmas': [{'lemma': 'לו'}]}","[[[{'Witnesses': [('', '96', '')]}, {'Rdg': {'Sigla': '>'}}, {'Cross References': ['I', 'II', 'IV']}]]]"
4 ופקדתי] 30 + על (non voc),"{'chapter': '1', 'verses': [4], 'lemmas': [{'lemma': 'ופקדתי'}]}","[[[{'Witnesses': [('', '30', '')]}, {'Rdg': {'Sigla': '+', 'Reading': 'על ', 'Comment': '(non voc)'}}]]]"
ממלכוּת] 96 ממלכוֹת,"{'chapter': '1', 'verses': [4], 'lemmas': [{'lemma': 'ממלכוּת'}]}","[[[{'Witnesses': [('', '96', '')]}, {'Rdg': {'Reading': 'ממלכוֹת'}}]]]"
5 את] 30 >,"{'chapter': '1', 'verses': [5], 'lemmas': [{'lemma': 'את'}]}","[[[{'Witnesses': [('', '30', '')]}, {'Rdg': {'Sigla': '>'}}]]]"
יזרעאל] 150 ישראל (parall; but 150-Tg: יזרעאל),"{'chapter': '1', 'verses': [5], 'lemmas': [{'lemma': 'יזרעאל'}]}","[[[{'Witnesses': [('', '150', '')]}, {'Rdg': {'Reading': 'ישראל ', 'Comment': '(parall; but 150-Tg: יזרעאל)'}}]]]"
6 עוד1] 30 (pm) >I II IV (similarly b. Pesaḥim 87bmss),"{'chapter': '1', 'verses': [6], 'lemmas': [{'lemma': 'עוד', 'number': '1'}]}","[[[{'Witnesses': [('', '30', 'pm')]}, {'Rdg': {'Sigla': '>', 'Comment': '(similarly b. Pesaḥim 87bmss)'}}, {'Cross References': ['I', 'II', 'IV']}]]]"
כי] 93 (pm) + את,"{'chapter': '1', 'verses': [6], 'lemmas': [{'lemma': 'כי'}]}","[[[{'Witnesses': [('', '93', 'pm')]}, {'Rdg': {'Sigla': '+', 'Reading': 'את'}}]]]"
אוסיף] 150 (pm) >,"{'chapter': '1', 'verses': [6], 'lemmas': [{'lemma': 'אוסיף'}]}","[[[{'Witnesses': [('', '150', 'pm')]}, {'Rdg': {'Sigla': '>'}}]]]"
את] 93 (pm) >,"{'chapter': '1', 'verses': [6], 'lemmas': [{'lemma': 'את'}]}","[[[{'Witnesses': [('', '93', 'pm')]}, {'Rdg': {'Sigla': '>'}}]]]"
7 והושעתים] 93 (pm) והושעתם,"{'chapter': '1', 'verses': [7], 'lemmas': [{'lemma': 'והושעתים'}]}","[[[{'Witnesses': [('', '93', 'pm')]}, {'Rdg': {'Reading': 'והושעתם'}}]]]"
בסוסים] 96 ובסוסיםI IV,"{'chapter': '1', 'verses': [7], 'lemmas': [{'lemma': 'בסוסים'}]}","[[[{'Witnesses': [('', '96', '')]}, {'Rdg': {'Reading': 'ובסוסים '}}, {'Cross References': ['I', 'IV']}]]]"
8 רֻחמה] 30 לח..,"{'chapter': '1', 'verses': [8], 'lemmas': [{'lemma': 'רֻחמה'}]}","[[[{'Witnesses': [('', '30', '')]}, {'Rdg': {'Reading': 'לח..'}}]]]"
9 ואנכי] 150 (pm) אנכי | 93 ואני,"{'chapter': '1', 'verses': [9], 'lemmas': [{'lemma': 'ואנכי'}]}","[[[{'Witnesses': [('', '150', 'pm')]}, {'Rdg': {'Reading': 'אנכי '}}]], [[{'Witnesses': [('', '93', '')]}, {'Rdg': {'Reading': 'ואני'}}]]]"
1 אשר1] 150 + יאמר (non voc),"{'chapter': '2', 'verses': [1], 'lemmas': [{'lemma': 'אשר', 'number': '1'}]}","[[[{'Witnesses': [('', '150', '')]}, {'Rdg': {'Sigla': '+', 'Reading': 'יאמר ', 'Comment': '(non voc)'}}]]]"
אשר2] 96 + לא,"{'chapter': '2', 'verses': [1], 'lemmas': [{'lemma': 'אשר', 'number': '2'}]}","[[[{'Witnesses': [('', '96', '')]}, {'Rdg': {'Sigla': '+', 'Reading': 'לא'}}]]]"
2 להם] 30 (pm) לכם,"{'chapter': '2', 'verses': [2], 'lemmas': [{'lemma': 'להם'}]}","[[[{'Witnesses': [('', '30', 'pm')]}, {'Rdg': {'Reading': 'לכם'}}]]]"
אחד] 30 (pm) 150 (pm) >,"{'chapter': '2', 'verses': [2], 'lemmas': [{'lemma': 'אחד'}]}","[[[{'Witnesses': [('', '30', 'pm'), ('', '150', 'pm')]}, {'Rdg': {'Sigla': '>'}}]]]"
4 ונאפופיה] 150 (pm) ונאפו,"{'chapter': '2', 'verses': [4], 'lemmas': [{'lemma': 'ונאפופיה'}]}","[[[{'Witnesses': [('', '150', 'pm')]}, {'Rdg': {'Reading': 'ונאפו'}}]]]"
5 ערֻמה] 96 ערוֹמה,"{'chapter': '2', 'verses': [5], 'lemmas': [{'lemma': 'ערֻמה'}]}","[[[{'Witnesses': [('', '96', '')]}, {'Rdg': {'Reading': 'ערוֹמה'}}]]]"
והצגתיה] 93 (pm) + כיום ערומה והצגתיה,"{'chapter': '2', 'verses': [5], 'lemmas': [{'lemma': 'והצגתיה'}]}","[[[{'Witnesses': [('', '93', 'pm')]}, {'Rdg': {'Sigla': '+', 'Reading': 'כיום ערומה והצגתיה'}}]]]"
ושתִּה] 150 (pm) ושמתיה,"{'chapter': '2', 'verses': [5], 'lemmas': [{'lemma': 'ושתִּה'}]}","[[[{'Witnesses': [('', '150', 'pm')]}, {'Rdg': {'Reading': 'ושמתיה'}}]]]"
7 אלכה] 30 + ואשיבה אל איש (non voc),"{'chapter': '2', 'verses': [7], 'lemmas': [{'lemma': 'אלכה'}]}","[[[{'Witnesses': [('', '30', '')]}, {'Rdg': {'Sigla': '+', 'Reading': 'ואשיבה אל איש ', 'Comment': '(non voc)'}}]]]"
"8 שָׂך] 30 (pm) 93 (pm) 150 (pm) סךII IV (See b. R.HaŠanamss 23b, LamR Buber 1:16 (40b))","{'chapter': '2', 'verses': [8], 'lemmas': [{'lemma': 'שָׂך'}]}","[[[{'Witnesses': [('', '30', 'pm'), ('', '93', 'pm'), ('', '150', 'pm')]}, {'Rdg': {'Reading': 'סך  ', 'Comment': '(See b. R.HaŠanamss 23b, LamR Buber 1:16 (40b))'}}, {'Cross References': ['II', 'IV']}]]]"
10 לה] 93 (non voc) 96 150 (non voc) + את,"{'chapter': '2', 'verses': [10], 'lemmas': [{'lemma': 'לה'}]}","[[[{'Witnesses': [('', '93', 'non voc'), ('', '96', ''), ('', '150', 'non voc')]}, {'Rdg': {'Sigla': '+', 'Reading': 'את'}}]]]"
כי] 150 (non voc) + כי,"{'chapter': '2', 'verses': [10], 'lemmas': [{'lemma': 'כי'}]}","[[[{'Witnesses': [('', '150', 'non voc')]}, {'Rdg': {'Sigla': '+', 'Reading': 'כי'}}]]]"
11 אשוב] 93 (pm) >IV,"{'chapter': '2', 'verses': [11], 'lemmas': [{'lemma': 'אשוב'}]}","[[[{'Witnesses': [('', '93', 'pm')]}, {'Rdg': {'Sigla': '>'}}, {'Cross References': ['IV']}]]]"
13 וכל] 150 (pm) כל,"{'chapter': '2', 'verses': [13], 'lemmas': [{'lemma': 'וכל'}]}","[[[{'Witnesses': [('', '150', 'pm')]}, {'Rdg': {'Reading': 'כל'}}]]]"
14 והשִׁמתי] 150 (pm) והשבתי,"{'chapter': '2', 'verses': [14], 'lemmas': [{'lemma': 'והשִׁמתי'}]}","[[[{'Witnesses': [('', '150', 'pm')]}, {'Rdg': {'Reading': 'והשבתי'}}]]]"
15 ותַעַד] G-B Eb 94 ותָעָד (understood as \עוד (rather than \עדי)),"{'chapter': '2', 'verses': [15], 'lemmas': [{'lemma': 'ותַעַד'}]}","[[[{'Witnesses': [('G-B Eb ', '94', '')]}, {'Rdg': {'Reading': 'ותָעָד ', 'Comment': '(understood as \\עוד (rather than \\עדי))'}}]]]"
שכְחה] 150 (pm) שכחת,"{'chapter': '2', 'verses': [15], 'lemmas': [{'lemma': 'שכְחה'}]}","[[[{'Witnesses': [('', '150', 'pm')]}, {'Rdg': {'Reading': 'שכחת'}}]]]"
16 אנכי] 30 (pm) >,"{'chapter': '2', 'verses': [16], 'lemmas': [{'lemma': 'אנכי'}]}","[[[{'Witnesses': [('', '30', 'pm')]}, {'Rdg': {'Sigla': '>'}}]]]"
מפתיה] 89 מְפַּתֶיהָ,"{'chapter': '2', 'verses': [16], 'lemmas': [{'lemma': 'מפתיה'}]}","[[[{'Witnesses': [('', '89', '')]}, {'Rdg': {'Reading': 'מְפַּתֶיהָ'}}]]]"
"המדבר] 96 המדברה (similarly SifreDeut 313 (356:6), RuthR 5:6)","{'chapter': '2', 'verses': [16], 'lemmas': [{'lemma': 'המדבר'}]}","[[[{'Witnesses': [('', '96', '')]}, {'Rdg': {'Reading': 'המדברה ', 'Comment': '(similarly SifreDeut 313 (356:6), RuthR 5:6)'}}]]]"
18 יהוה] 150 + צבאות (non voc),"{'chapter': '2', 'verses': [18], 'lemmas': [{'lemma': 'יהוה'}]}","[[[{'Witnesses': [('', '150', '')]}, {'Rdg': {'Sigla': '+', 'Reading': 'צבאות ', 'Comment': '(non voc)'}}]]]"
תקראי1] 150 (pm) תקראו | 30 + לי (non voc)I II,"{'chapter': '2', 'verses': [18], 'lemmas': [{'lemma': 'תקראי', 'number': '1'}]}","[[[{'Witnesses': [('', '150', 'pm')]}, {'Rdg': {'Reading': 'תקראו '}}]], [[{'Witnesses': [('', '30', '')]}, {'Rdg': {'Sigla': '+', 'Reading': 'לי ', 'Comment': '(non voc)'}}, {'Cross References': ['I', 'II']}]]]"
לי] G-B Eb 54 (pm) >II,"{'chapter': '2', 'verses': [18], 'lemmas': [{'lemma': 'לי'}]}","[[[{'Witnesses': [('G-B Eb ', '54', 'pm')]}, {'Rdg': {'Sigla': '>'}}, {'Cross References': ['II']}]]]"
עוד] 30 (pm?) >,"{'chapter': '2', 'verses': [18], 'lemmas': [{'lemma': 'עוד'}]}","[[[{'Witnesses': [('', '30', 'pm?')]}, {'Rdg': {'Sigla': '>'}}]]]"
20 להם] 150 (pm) אלהם,"{'chapter': '2', 'verses': [20], 'lemmas': [{'lemma': 'להם'}]}","[[[{'Witnesses': [('', '150', 'pm')]}, {'Rdg': {'Reading': 'אלהם'}}]]]"
21 וארשתיך לי לעולם] 93 (pm) >,"{'chapter': '2', 'verses': [21], 'lemmas': [{'lemma': 'וארשתיך'}, {'lemma': 'לי'}, {'lemma': 'לעולם'}]}","[[[{'Witnesses': [('', '93', 'pm')]}, {'Rdg': {'Sigla': '>'}}]]]"
22 וידעת] 150 (pm) וידעתם | 30 89 (sm) 93 (pm) 150 (non voc) + כיI II IV,"{'chapter': '2', 'verses': [22], 'lemmas': [{'lemma': 'וידעת'}]}","[[[{'Witnesses': [('', '150', 'pm')]}, {'Rdg': {'Reading': 'וידעתם '}}]], [[{'Witnesses': [('', '30', ''), ('', '89', 'sm'), ('', '93', 'pm'), ('', '150', 'non voc')]}, {'Rdg': {'Sigla': '+', 'Reading': 'כי  '}}, {'Cross References': ['I', 'II', 'IV']}]]]"
את] 30 89 (sm) 93 (pm) אניI II IV,"{'chapter': '2', 'verses': [22], 'lemmas': [{'lemma': 'את'}]}","[[[{'Witnesses': [('', '30', ''), ('', '89', 'sm'), ('', '93', 'pm')]}, {'Rdg': {'Reading': 'אני  '}}, {'Cross References': ['I', 'II', 'IV']}]]]"
23 והם] 30 (sm) והמה,"{'chapter': '2', 'verses': [23], 'lemmas': [{'lemma': 'והם'}]}","[[[{'Witnesses': [('', '30', 'sm')]}, {'Rdg': {'Reading': 'והמה'}}]]]"
1 עוד] 150 (pm) >,"{'chapter': '3', 'verses': [1], 'lemmas': [{'lemma': 'עוד'}]}","[[[{'Witnesses': [('', '150', 'pm')]}, {'Rdg': {'Sigla': '>'}}]]]"
3 ואמר] 30 (pm) ואמרה | 150 (pm) ויאמר,"{'chapter': '3', 'verses': [3], 'lemmas': [{'lemma': 'ואמר'}]}","[[[{'Witnesses': [('', '30', 'pm')]}, {'Rdg': {'Reading': 'ואמרה '}}]], [[{'Witnesses': [('', '150', 'pm')]}, {'Rdg': {'Reading': 'ויאמר'}}]]]"
לא] 96 ולאI,"{'chapter': '3', 'verses': [3], 'lemmas': [{'lemma': 'לא'}]}","[[[{'Witnesses': [('', '96', '')]}, {'Rdg': {'Reading': 'ולא'}}, {'Cross References': ['I']}]]]"
תזני] 93 (pm) תתי (Caused by ligature ז+נ),"{'chapter': '3', 'verses': [3], 'lemmas': [{'lemma': 'תזני'}]}","[[[{'Witnesses': [('', '93', 'pm')]}, {'Rdg': {'Reading': 'תתי ', 'Comment': '(Caused by ligature ז+נ)'}}]]]"
אליך] 93 (pm) אלהיך,"{'chapter': '3', 'verses': [3], 'lemmas': [{'lemma': 'אליך'}]}","[[[{'Witnesses': [('', '93', 'pm')]}, {'Rdg': {'Reading': 'אלהיך'}}]]]"
"4 ואין3,2] 150 (pm) איןIV","{'chapter': '3', 'verses': [4], 'lemmas': [{'lemma': 'ואין', 'number': '3,2'}]}","[[[{'Witnesses': [('', '150', 'pm')]}, {'Rdg': {'Reading': 'אין'}}, {'Cross References': ['IV']}]]]"
5 אחר] 150 (pm) ואחרI II,"{'chapter': '3', 'verses': [5], 'lemmas': [{'lemma': 'אחר'}]}","[[[{'Witnesses': [('', '150', 'pm')]}, {'Rdg': {'Reading': 'ואחר '}}, {'Cross References': ['I', 'II']}]]]"
2 ודמים] 96 150 (pm) דמיםII,"{'chapter': '4', 'verses': [2], 'lemmas': [{'lemma': 'ודמים'}]}","[[[{'Witnesses': [('', '96', ''), ('', '150', 'pm')]}, {'Rdg': {'Reading': 'דמים'}}, {'Cross References': ['II']}]]]"
3 יושב] 30 (sm) 93 (pm) ישבי | 96 (pm) יושביI II IV,"{'chapter': '4', 'verses': [3], 'lemmas': [{'lemma': 'יושב'}]}","[[[{'Witnesses': [('', '30', 'sm'), ('', '93', 'pm')]}, {'Rdg': {'Reading': 'ישבי '}}]], [[{'Witnesses': [('', '96', 'pm')]}, {'Rdg': {'Reading': 'יושבי  '}}, {'Cross References': ['I', 'II', 'IV']}]]]"
וגם] 30 (pm) וכל,"{'chapter': '4', 'verses': [3], 'lemmas': [{'lemma': 'וגם'}]}","[[[{'Witnesses': [('', '30', 'pm')]}, {'Rdg': {'Reading': 'וכל'}}]]]"
4 כמריבי] 150 (pm) כמריבת,"{'chapter': '4', 'verses': [4], 'lemmas': [{'lemma': 'כמריבי'}]}","[[[{'Witnesses': [('', '150', 'pm')]}, {'Rdg': {'Reading': 'כמריבת'}}]]]"
6 הדעת1] 93 (pm) 150 (pm) דעתII,"{'chapter': '4', 'verses': [6], 'lemmas': [{'lemma': 'הדעת', 'number': '1'}]}","[[[{'Witnesses': [('', '93', 'pm'), ('', '150', 'pm')]}, {'Rdg': {'Reading': 'דעת'}}, {'Cross References': ['II']}]]]"
אתה] 96 (pm) את,"{'chapter': '4', 'verses': [6], 'lemmas': [{'lemma': 'אתה'}]}","[[[{'Witnesses': [('', '96', 'pm')]}, {'Rdg': {'Reading': 'את'}}]]]"
k ואמאסאך / q ואמאסך] 30 93 (sm) 96 150 (pm) q IV | 93 (pm) אמסך,"{'chapter': '4', 'verses': [6], 'lemmas': [{'lemma': 'ואמאסאך', 'k': True}, {'lemma': 'ואמאסך', 'q': True}]}","[[[{'Witnesses': [('', '30', ''), ('', '93', 'sm'), ('', '96', ''), ('', '150', 'pm')]}, {'Rdg': {'Reading': 'q  '}}, {'Cross References': ['IV']}]], [[{'Witnesses': [('', '93', 'pm')]}, {'Rdg': {'Reading': 'אמסך'}}]]]"
ותשכח] 150 (pm) תשכחי,"{'chapter': '4', 'verses': [6], 'lemmas': [{'lemma': 'ותשכח'}]}","[[[{'Witnesses': [('', '150', 'pm')]}, {'Rdg': {'Reading': 'תשכחי'}}]]]"
8 ישאו] 150 (pm) >,"{'chapter': '4', 'verses': [8], 'lemmas': [{'lemma': 'ישאו'}]}","[[[{'Witnesses': [('', '150', 'pm')]}, {'Rdg': {'Sigla': '>'}}]]]"
נפשו] 89 (pm) 96 (pm) 150 (pm) נפשםI IV,"{'chapter': '4', 'verses': [8], 'lemmas': [{'lemma': 'נפשו'}]}","[[[{'Witnesses': [('', '89', 'pm'), ('', '96', 'pm'), ('', '150', 'pm')]}, {'Rdg': {'Reading': 'נפשם '}}, {'Cross References': ['I', 'IV']}]]]"
9 ופקדתי] 93 (pm) ופקדתיו,"{'chapter': '4', 'verses': [9], 'lemmas': [{'lemma': 'ופקדתי'}]}","[[[{'Witnesses': [('', '93', 'pm')]}, {'Rdg': {'Reading': 'ופקדתיו'}}]]]"
עליו] 96 + ודמו (non voc),"{'chapter': '4', 'verses': [9], 'lemmas': [{'lemma': 'עליו'}]}","[[[{'Witnesses': [('', '96', '')]}, {'Rdg': {'Sigla': '+', 'Reading': 'ודמו ', 'Comment': '(non voc)'}}]]]"
דרכיו] 30 (pm) כדרכיו,"{'chapter': '4', 'verses': [9], 'lemmas': [{'lemma': 'דרכיו'}]}","[[[{'Witnesses': [('', '30', 'pm')]}, {'Rdg': {'Reading': 'כדרכיו'}}]]]"
10 ואכלו] 93 (sm) אכלוII,"{'chapter': '4', 'verses': [10], 'lemmas': [{'lemma': 'ואכלו'}]}","[[[{'Witnesses': [('', '93', 'sm')]}, {'Rdg': {'Reading': 'אכלו'}}, {'Cross References': ['II']}]]]"
הזנו] 150 (pm) והזנו,"{'chapter': '4', 'verses': [10], 'lemmas': [{'lemma': 'הזנו'}]}","[[[{'Witnesses': [('', '150', 'pm')]}, {'Rdg': {'Reading': 'והזנו'}}]]]"
כי] 96 >,"{'chapter': '4', 'verses': [10], 'lemmas': [{'lemma': 'כי'}]}","[[[{'Witnesses': [('', '96', '')]}, {'Rdg': {'Sigla': '>'}}]]]"
11 ויין] 30 (pm) 89 (pm) 93 (pm) 96 150 ייןII,"{'chapter': '4', 'verses': [11], 'lemmas': [{'lemma': 'ויין'}]}","[[[{'Witnesses': [('', '30', 'pm'), ('', '89', 'pm'), ('', '93', 'pm'), ('', '96', ''), ('', '150', '')]}, {'Rdg': {'Reading': 'יין'}}, {'Cross References': ['II']}]]]"
13 יקטרו] 150 (pm) יקטרון,"{'chapter': '4', 'verses': [13], 'lemmas': [{'lemma': 'יקטרו'}]}","[[[{'Witnesses': [('', '150', 'pm')]}, {'Rdg': {'Reading': 'יקטרון'}}]]]"
צלה] 93 (pm) יגלה,"{'chapter': '4', 'verses': [13], 'lemmas': [{'lemma': 'צלה'}]}","[[[{'Witnesses': [('', '93', 'pm')]}, {'Rdg': {'Reading': 'יגלה'}}]]]"
וכלותיכם] 150 (pm) + כי,"{'chapter': '4', 'verses': [13], 'lemmas': [{'lemma': 'וכלותיכם'}]}","[[[{'Witnesses': [('', '150', 'pm')]}, {'Rdg': {'Sigla': '+', 'Reading': 'כי'}}]]]"
"14 תנאפנה] 96 (pm) תנאפינה (similarly m. Soṭams 9:9, b. Soṭaed 47a, 47b)","{'chapter': '4', 'verses': [14], 'lemmas': [{'lemma': 'תנאפנה'}]}","[[[{'Witnesses': [('', '96', 'pm')]}, {'Rdg': {'Reading': 'תנאפינה ', 'Comment': '(similarly m. Soṭams 9:9, b. Soṭaed 47a, 47b)'}}]]]"
הזֹנות] 93 (pm) זנות,"{'chapter': '4', 'verses': [14], 'lemmas': [{'lemma': 'הזֹנות'}]}","[[[{'Witnesses': [('', '93', 'pm')]}, {'Rdg': {'Reading': 'זנות'}}]]]"
יְפָרדו] 93 96 יִפָּרדו,"{'chapter': '4', 'verses': [14], 'lemmas': [{'lemma': 'יְפָרדו'}]}","[[[{'Witnesses': [('', '93', ''), ('', '96', '')]}, {'Rdg': {'Reading': 'יִפָּרדו'}}]]]"
15 יהודה] 93 (pm) יהוה,"{'chapter': '4', 'verses': [15], 'lemmas': [{'lemma': 'יהודה'}]}","[[[{'Witnesses': [('', '93', 'pm')]}, {'Rdg': {'Reading': 'יהוה'}}]]]"
ואל1] 150 (pm) אלI IV,"{'chapter': '4', 'verses': [15], 'lemmas': [{'lemma': 'ואל', 'number': '1'}]}","[[[{'Witnesses': [('', '150', 'pm')]}, {'Rdg': {'Reading': 'אל '}}, {'Cross References': ['I', 'IV']}]]]"
ואַל3] 30 ואֵל,"{'chapter': '4', 'verses': [15], 'lemmas': [{'lemma': 'ואַל', 'number': '3'}]}","[[[{'Witnesses': [('', '30', '')]}, {'Rdg': {'Reading': 'ואֵל'}}]]]"
16 ככבש] 89 (sm) בכבש,"{'chapter': '4', 'verses': [16], 'lemmas': [{'lemma': 'ככבש'}]}","[[[{'Witnesses': [('', '89', 'sm')]}, {'Rdg': {'Reading': 'בכבש'}}]]]"
18 סבאם] 93 סבאים,"{'chapter': '4', 'verses': [18], 'lemmas': [{'lemma': 'סבאם'}]}","[[[{'Witnesses': [('', '93', '')]}, {'Rdg': {'Reading': 'סבאים'}}]]]"
אהבו] 93 (pm) אתם,"{'chapter': '4', 'verses': [18], 'lemmas': [{'lemma': 'אהבו'}]}","[[[{'Witnesses': [('', '93', 'pm')]}, {'Rdg': {'Reading': 'אתם'}}]]]"
קלון] 150 (pm) קלו,"{'chapter': '4', 'verses': [18], 'lemmas': [{'lemma': 'קלון'}]}","[[[{'Witnesses': [('', '150', 'pm')]}, {'Rdg': {'Reading': 'קלו'}}]]]"
מגניה] 96 (pm) מקלון,"{'chapter': '4', 'verses': [18], 'lemmas': [{'lemma': 'מגניה'}]}","[[[{'Witnesses': [('', '96', 'pm')]}, {'Rdg': {'Reading': 'מקלון'}}]]]"
19 בכנפיה] 93 (pm) בכנפה | 150 (pm) בכפניה | 93 (pm) + ויזבחו,"{'chapter': '4', 'verses': [19], 'lemmas': [{'lemma': 'בכנפיה'}]}","[[[{'Witnesses': [('', '93', 'pm')]}, {'Rdg': {'Reading': 'בכנפה '}}]], [[{'Witnesses': [('', '150', 'pm')]}, {'Rdg': {'Reading': 'בכפניה '}}]], [[{'Witnesses': [('', '93', 'pm')]}, {'Rdg': {'Sigla': '+', 'Reading': 'ויזבחו'}}]]]"
מִזִּבְחותם] 30 93 150 מִזְבְּחתםI IV | 96 מִזְבְחותם,"{'chapter': '4', 'verses': [19], 'lemmas': [{'lemma': 'מִזִּבְחותם'}]}","[[[{'Witnesses': [('', '30', ''), ('', '93', ''), ('', '150', '')]}, {'Rdg': {'Reading': 'מִזְבְּחתם  '}}, {'Cross References': ['I', 'IV']}]], [[{'Witnesses': [('', '96', '')]}, {'Rdg': {'Reading': 'מִזְבְחותם'}}]]]"
1 פרושה] 93 (pm) פרוסה | 150 (pm) פרוטה,"{'chapter': '5', 'verses': [1], 'lemmas': [{'lemma': 'פרושה'}]}","[[[{'Witnesses': [('', '93', 'pm')]}, {'Rdg': {'Reading': 'פרוסה '}}]], [[{'Witnesses': [('', '150', 'pm')]}, {'Rdg': {'Reading': 'פרוטה'}}]]]"
2 מוסר] 96 (pm) + העמקי,"{'chapter': '5', 'verses': [2], 'lemmas': [{'lemma': 'מוסר'}]}","[[[{'Witnesses': [('', '96', 'pm')]}, {'Rdg': {'Sigla': '+', 'Reading': 'העמקי'}}]]]"
4 לא1] 30 (sm) ולאI IV,"{'chapter': '5', 'verses': [4], 'lemmas': [{'lemma': 'לא', 'number': '1'}]}","[[[{'Witnesses': [('', '30', 'sm')]}, {'Rdg': {'Reading': 'ולא '}}, {'Cross References': ['I', 'IV']}]]]"
אל] 93 (pm) + אלI IV,"{'chapter': '5', 'verses': [4], 'lemmas': [{'lemma': 'אל'}]}","[[[{'Witnesses': [('', '93', 'pm')]}, {'Rdg': {'Sigla': '+', 'Reading': 'אל '}}, {'Cross References': ['I', 'IV']}]]]"
בקרבם] 96 (pm) בקרבכם,"{'chapter': '5', 'verses': [4], 'lemmas': [{'lemma': 'בקרבם'}]}","[[[{'Witnesses': [('', '96', 'pm')]}, {'Rdg': {'Reading': 'בקרבכם'}}]]]"
5 וישראל] 150 (pm) ישראל,"{'chapter': '5', 'verses': [5], 'lemmas': [{'lemma': 'וישראל'}]}","[[[{'Witnesses': [('', '150', 'pm')]}, {'Rdg': {'Reading': 'ישראל'}}]]]"
עמם] 93 (pm) עמכם,"{'chapter': '5', 'verses': [5], 'lemmas': [{'lemma': 'עמם'}]}","[[[{'Witnesses': [('', '93', 'pm')]}, {'Rdg': {'Reading': 'עמכם'}}]]]"
6 ובבקרם] 93 (pm) ובקרם,"{'chapter': '5', 'verses': [6], 'lemmas': [{'lemma': 'ובבקרם'}]}","[[[{'Witnesses': [('', '93', 'pm')]}, {'Rdg': {'Reading': 'ובקרם'}}]]]"
את] 93 + דבר (non voc)II IV,"{'chapter': '5', 'verses': [6], 'lemmas': [{'lemma': 'את'}]}","[[[{'Witnesses': [('', '93', '')]}, {'Rdg': {'Sigla': '+', 'Reading': 'דבר ', 'Comment': '(non voc)'}}, {'Cross References': ['II', 'IV']}]]]"
7 זרים] 93 (pm) >,"{'chapter': '5', 'verses': [7], 'lemmas': [{'lemma': 'זרים'}]}","[[[{'Witnesses': [('', '93', 'pm')]}, {'Rdg': {'Sigla': '>'}}]]]"
עתה] 93 (pm) ועתה,"{'chapter': '5', 'verses': [7], 'lemmas': [{'lemma': 'עתה'}]}","[[[{'Witnesses': [('', '93', 'pm')]}, {'Rdg': {'Reading': 'ועתה'}}]]]"
את] 30 (pm) >,"{'chapter': '5', 'verses': [7], 'lemmas': [{'lemma': 'את'}]}","[[[{'Witnesses': [('', '30', 'pm')]}, {'Rdg': {'Sigla': '>'}}]]]"
8 חצצרה] 96 (pm) חצצריה,"{'chapter': '5', 'verses': [8], 'lemmas': [{'lemma': 'חצצרה'}]}","[[[{'Witnesses': [('', '96', 'pm')]}, {'Rdg': {'Reading': 'חצצריה'}}]]]"
בית] 150 בין (similarly b. R.HaŠanams 32b),"{'chapter': '5', 'verses': [8], 'lemmas': [{'lemma': 'בית'}]}","[[[{'Witnesses': [('', '150', '')]}, {'Rdg': {'Reading': 'בין ', 'Comment': '(similarly b. R.HaŠanams 32b)'}}]]]"
אחריך] 93 (pm) >,"{'chapter': '5', 'verses': [8], 'lemmas': [{'lemma': 'אחריך'}]}","[[[{'Witnesses': [('', '93', 'pm')]}, {'Rdg': {'Sigla': '>'}}]]]"
10 כמסיגי] 30 93 150 (pm?) כמשיגיIV,"{'chapter': '5', 'verses': [10], 'lemmas': [{'lemma': 'כמסיגי'}]}","[[[{'Witnesses': [('', '30', ''), ('', '93', ''), ('', '150', 'pm?')]}, {'Rdg': {'Reading': 'כמשיגי'}}, {'Cross References': ['IV']}]]]"
גבול] 93 + עולם (non voc) (cf גבול עולם Prov 2228 2310),"{'chapter': '5', 'verses': [10], 'lemmas': [{'lemma': 'גבול'}]}","[[[{'Witnesses': [('', '93', '')]}, {'Rdg': {'Sigla': '+', 'Reading': 'עולם ', 'Comment': '(non voc) (cf גבול עולם Prov 2228 2310)'}}]]]"
11 אחרי] 96 (pm) >,"{'chapter': '5', 'verses': [11], 'lemmas': [{'lemma': 'אחרי'}]}","[[[{'Witnesses': [('', '96', 'pm')]}, {'Rdg': {'Sigla': '>'}}]]]"
12 לאפרים] 93 (pm) אפרים,"{'chapter': '5', 'verses': [12], 'lemmas': [{'lemma': 'לאפרים'}]}","[[[{'Witnesses': [('', '93', 'pm')]}, {'Rdg': {'Reading': 'אפרים'}}]]]"
וְכָרקב] 93 96 וּכְרקב,"{'chapter': '5', 'verses': [12], 'lemmas': [{'lemma': 'וְכָרקב'}]}","[[[{'Witnesses': [('', '93', ''), ('', '96', '')]}, {'Rdg': {'Reading': 'וּכְרקב'}}]]]"
13 מזֹרו] 93 (pm) מרזרו,"{'chapter': '5', 'verses': [13], 'lemmas': [{'lemma': 'מזֹרו'}]}","[[[{'Witnesses': [('', '93', 'pm')]}, {'Rdg': {'Reading': 'מרזרו'}}]]]"
וישלח] 93 מ..,"{'chapter': '5', 'verses': [13], 'lemmas': [{'lemma': 'וישלח'}]}","[[[{'Witnesses': [('', '93', '')]}, {'Rdg': {'Reading': 'מ..'}}]]]"
14 אשא] 30 (sm) 89 (pm) 93 96 (pm) 150 ואשאI IV,"{'chapter': '5', 'verses': [14], 'lemmas': [{'lemma': 'אשא'}]}","[[[{'Witnesses': [('', '30', 'sm'), ('', '89', 'pm'), ('', '93', ''), ('', '96', 'pm'), ('', '150', '')]}, {'Rdg': {'Reading': 'ואשא '}}, {'Cross References': ['I', 'IV']}]]]"
15 אשובה] 30 93 96 150 (pm) ואשובהI II IV,"{'chapter': '5', 'verses': [15], 'lemmas': [{'lemma': 'אשובה'}]}","[[[{'Witnesses': [('', '30', ''), ('', '93', ''), ('', '96', ''), ('', '150', 'pm')]}, {'Rdg': {'Reading': 'ואשובה  '}}, {'Cross References': ['I', 'II', 'IV']}]]]"
2 יחינו] 30 (pm?) >,"{'chapter': '6', 'verses': [2], 'lemmas': [{'lemma': 'יחינו'}]}","[[[{'Witnesses': [('', '30', 'pm?')]}, {'Rdg': {'Sigla': '>'}}]]]"
מיֹמים] 30 (pm?) >,"{'chapter': '6', 'verses': [2], 'lemmas': [{'lemma': 'מיֹמים'}]}","[[[{'Witnesses': [('', '30', 'pm?')]}, {'Rdg': {'Sigla': '>'}}]]]"
3 כַגֶּשם] 93 96 כְגֶשם,"{'chapter': '6', 'verses': [3], 'lemmas': [{'lemma': 'כַגֶּשם'}]}","[[[{'Witnesses': [('', '93', ''), ('', '96', '')]}, {'Rdg': {'Reading': 'כְגֶשם'}}]]]"
כמלקוש] 150 (pm) ומלקושI II IV,"{'chapter': '6', 'verses': [3], 'lemmas': [{'lemma': 'כמלקוש'}]}","[[[{'Witnesses': [('', '150', 'pm')]}, {'Rdg': {'Reading': 'ומלקוש  '}}, {'Cross References': ['I', 'II', 'IV']}]]]"
4 לְךָ1] 96 לָךְ | 30 (pm) + יהודה,"{'chapter': '6', 'verses': [4], 'lemmas': [{'lemma': 'לְךָ', 'number': '1'}]}","[[[{'Witnesses': [('', '96', '')]}, {'Rdg': {'Reading': 'לָךְ '}}]], [[{'Witnesses': [('', '30', 'pm')]}, {'Rdg': {'Sigla': '+', 'Reading': 'יהודה'}}]]]"
מה2] 30 93 150 (pm) ומהI,"{'chapter': '6', 'verses': [4], 'lemmas': [{'lemma': 'מה', 'number': '2'}]}","[[[{'Witnesses': [('', '30', ''), ('', '93', ''), ('', '150', 'pm')]}, {'Rdg': {'Reading': 'ומה'}}, {'Cross References': ['I']}]]]"
לְךָ2] 96 לָךְ | 30 (pm) + אפרים,"{'chapter': '6', 'verses': [4], 'lemmas': [{'lemma': 'לְךָ', 'number': '2'}]}","[[[{'Witnesses': [('', '96', '')]}, {'Rdg': {'Reading': 'לָךְ '}}]], [[{'Witnesses': [('', '30', 'pm')]}, {'Rdg': {'Sigla': '+', 'Reading': 'אפרים'}}]]]"
וחסדכם] 93 150 חסדכםI,"{'chapter': '6', 'verses': [4], 'lemmas': [{'lemma': 'וחסדכם'}]}","[[[{'Witnesses': [('', '93', ''), ('', '150', '')]}, {'Rdg': {'Reading': 'חסדכם'}}, {'Cross References': ['I']}]]]"
הֹלך] 96 והולךI,"{'chapter': '6', 'verses': [4], 'lemmas': [{'lemma': 'הֹלך'}]}","[[[{'Witnesses': [('', '96', '')]}, {'Rdg': {'Reading': 'והולך'}}, {'Cross References': ['I']}]]]"
7 ברית] 96 (pm) כי (?),"{'chapter': '6', 'verses': [7], 'lemmas': [{'lemma': 'ברית'}]}","[[[{'Witnesses': [('', '96', 'pm')]}, {'Rdg': {'Reading': 'כי ', 'Comment': '(?)'}}]]]"
8 מדם] 93 (pm) משם,"{'chapter': '6', 'verses': [8], 'lemmas': [{'lemma': 'מדם'}]}","[[[{'Witnesses': [('', '93', 'pm')]}, {'Rdg': {'Reading': 'משם'}}]]]"
9 וכחכי] 150 וכחכה (similarly GenRmss 80:2 (953:4)),"{'chapter': '6', 'verses': [9], 'lemmas': [{'lemma': 'וכחכי'}]}","[[[{'Witnesses': [('', '150', '')]}, {'Rdg': {'Reading': 'וכחכה ', 'Comment': '(similarly GenRmss 80:2 (953:4))'}}]]]"
חבר] 93 (pm) וחבר,"{'chapter': '6', 'verses': [9], 'lemmas': [{'lemma': 'חבר'}]}","[[[{'Witnesses': [('', '93', 'pm')]}, {'Rdg': {'Reading': 'וחבר'}}]]]"
"10 k שעריריה / q שערוריה] 30 (pm) 89 (pm) 150 (sm) k, 30 (sm) 89 (sm) 93 (sm) 96 150 (pm) q, 93 (pm) שערורהIV","{'chapter': '6', 'verses': [10], 'lemmas': [{'lemma': 'שעריריה', 'k': True}, {'lemma': 'שערוריה', 'q': True}]}","[[[{'Witnesses': [('', '30', 'pm'), ('', '89', 'pm'), ('', '150', 'sm')]}, {'Rdg': {'Reading': 'k'}}], [{'Witnesses': [('', '30', 'sm'), ('', '89', 'sm'), ('', '93', 'sm'), ('', '96', ''), ('', '150', 'pm')]}, {'Rdg': {'Reading': 'q'}}], [{'Witnesses': [('', '93', 'pm')]}, {'Rdg': {'Reading': 'שערורה'}}, {'Cross References': ['IV']}]]]"
שׁם] 96 שׂם,"{'chapter': '6', 'verses': [10], 'lemmas': [{'lemma': 'שׁם'}]}","[[[{'Witnesses': [('', '96', '')]}, {'Rdg': {'Reading': 'שׂם'}}]]]"
11 לך] 93 (sm) להּ,"{'chapter': '6', 'verses': [11], 'lemmas': [{'lemma': 'לך'}]}","[[[{'Witnesses': [('', '93', 'sm')]}, {'Rdg': {'Reading': 'להּ'}}]]]"
1 פעלו] 150 (pm) פעלי,"{'chapter': '7', 'verses': [1], 'lemmas': [{'lemma': 'פעלו'}]}","[[[{'Witnesses': [('', '150', 'pm')]}, {'Rdg': {'Reading': 'פעלי'}}]]]"
וגנב] 30 וכגנב,"{'chapter': '7', 'verses': [1], 'lemmas': [{'lemma': 'וגנב'}]}","[[[{'Witnesses': [('', '30', '')]}, {'Rdg': {'Reading': 'וכגנב'}}]]]"
פשט] 93 (pm) ופשטI (similarly S.Eli.R 22 (125)),"{'chapter': '7', 'verses': [1], 'lemmas': [{'lemma': 'פשט'}]}","[[[{'Witnesses': [('', '93', 'pm')]}, {'Rdg': {'Reading': 'ופשט ', 'Comment': '(similarly S.Eli.R 22 (125))'}}, {'Cross References': ['I']}]]]"
בחוץ] 96 (pm) בחרץ,"{'chapter': '7', 'verses': [1], 'lemmas': [{'lemma': 'בחוץ'}]}","[[[{'Witnesses': [('', '96', 'pm')]}, {'Rdg': {'Reading': 'בחרץ'}}]]]"
2 ללבבם] 96 (pm) ללבם | 30 93 150 (pm) בלבבםI,"{'chapter': '7', 'verses': [2], 'lemmas': [{'lemma': 'ללבבם'}]}","[[[{'Witnesses': [('', '96', 'pm')]}, {'Rdg': {'Reading': 'ללבם '}}]], [[{'Witnesses': [('', '30', ''), ('', '93', ''), ('', '150', 'pm')]}, {'Rdg': {'Reading': 'בלבבם'}}, {'Cross References': ['I']}]]]"
4 כמו] 89 (pm) >,"{'chapter': '7', 'verses': [4], 'lemmas': [{'lemma': 'כמו'}]}","[[[{'Witnesses': [('', '89', 'pm')]}, {'Rdg': {'Sigla': '>'}}]]]"
מעיר] 96 (sm) עיר,"{'chapter': '7', 'verses': [4], 'lemmas': [{'lemma': 'מעיר'}]}","[[[{'Witnesses': [('', '96', 'sm')]}, {'Rdg': {'Reading': 'עיר'}}]]]"
מלוש] 150 (pm) בלוש,"{'chapter': '7', 'verses': [4], 'lemmas': [{'lemma': 'מלוש'}]}","[[[{'Witnesses': [('', '150', 'pm')]}, {'Rdg': {'Reading': 'בלוש'}}]]]"
5 מלכֵּנו] 30 93 (pm) 150 (pm) מלכינוI II IV,"{'chapter': '7', 'verses': [5], 'lemmas': [{'lemma': 'מלכֵּנו'}]}","[[[{'Witnesses': [('', '30', ''), ('', '93', 'pm'), ('', '150', 'pm')]}, {'Rdg': {'Reading': 'מלכינו  '}}, {'Cross References': ['I', 'II', 'IV']}]]]"
שרים] 30 (pm) >,"{'chapter': '7', 'verses': [5], 'lemmas': [{'lemma': 'שרים'}]}","[[[{'Witnesses': [('', '30', 'pm')]}, {'Rdg': {'Sigla': '>'}}]]]"
ידו את] 30 ~,"{'chapter': '7', 'verses': [5], 'lemmas': [{'lemma': 'ידו'}, {'lemma': 'את'}]}","[[[{'Witnesses': [('', '30', '')]}, {'Rdg': {'Sigla': '~'}}]]]"
6 כַתנור] 96 כְתנור,"{'chapter': '7', 'verses': [6], 'lemmas': [{'lemma': 'כַתנור'}]}","[[[{'Witnesses': [('', '96', '')]}, {'Rdg': {'Reading': 'כְתנור'}}]]]"
אֹפֵהֶם] 93 (pm) אפריםI,"{'chapter': '7', 'verses': [6], 'lemmas': [{'lemma': 'אֹפֵהֶם'}]}","[[[{'Witnesses': [('', '93', 'pm')]}, {'Rdg': {'Reading': 'אפרים'}}, {'Cross References': ['I']}]]]"
7 אין] 30 (sm) 93 150 ואיןI II IV,"{'chapter': '7', 'verses': [7], 'lemmas': [{'lemma': 'אין'}]}","[[[{'Witnesses': [('', '30', 'sm'), ('', '93', ''), ('', '150', '')]}, {'Rdg': {'Reading': 'ואין  '}}, {'Cross References': ['I', 'II', 'IV']}]]]"
8 אפרים] 93 (pm) + הוא,"{'chapter': '7', 'verses': [8], 'lemmas': [{'lemma': 'אפרים'}]}","[[[{'Witnesses': [('', '93', 'pm')]}, {'Rdg': {'Sigla': '+', 'Reading': 'הוא'}}]]]"
9 גם] 150 (pm) וגם,"{'chapter': '7', 'verses': [9], 'lemmas': [{'lemma': 'גם'}]}","[[[{'Witnesses': [('', '150', 'pm')]}, {'Rdg': {'Reading': 'וגם'}}]]]"
11 אין] 93 (pm) ואין,"{'chapter': '7', 'verses': [11], 'lemmas': [{'lemma': 'אין'}]}","[[[{'Witnesses': [('', '93', 'pm')]}, {'Rdg': {'Reading': 'ואין'}}]]]"
לב] 89 (pm) לבי,"{'chapter': '7', 'verses': [11], 'lemmas': [{'lemma': 'לב'}]}","[[[{'Witnesses': [('', '89', 'pm')]}, {'Rdg': {'Reading': 'לבי'}}]]]"
12 עליהם] 96 (pm) להם,"{'chapter': '7', 'verses': [12], 'lemmas': [{'lemma': 'עליהם'}]}","[[[{'Witnesses': [('', '96', 'pm')]}, {'Rdg': {'Reading': 'להם'}}]]]"
"איסירם] 30 89 איסרם | 96 (pm) אייסרם, (sm) אייסירים | 150 (pm) אסירים","{'chapter': '7', 'verses': [12], 'lemmas': [{'lemma': 'איסירם'}]}","[[[{'Witnesses': [('', '30', ''), ('', '89', '')]}, {'Rdg': {'Reading': 'איסרם '}}]], [[{'Witnesses': [('', '96', 'pm')]}, {'Rdg': {'Reading': 'אייסרם'}}], [{'Witnesses': [('', '96', 'sm')]}, {'Rdg': {'Reading': 'אייסירים '}}]], [[{'Witnesses': [('', '150', 'pm')]}, {'Rdg': {'Reading': 'אסירים'}}]]]"
13 ממני] 93 (pm) ממנו,"{'chapter': '7', 'verses': [13], 'lemmas': [{'lemma': 'ממני'}]}","[[[{'Witnesses': [('', '93', 'pm')]}, {'Rdg': {'Reading': 'ממנו'}}]]]"
פשעוּ] 96 פשעִי,"{'chapter': '7', 'verses': [13], 'lemmas': [{'lemma': 'פשעוּ'}]}","[[[{'Witnesses': [('', '96', '')]}, {'Rdg': {'Reading': 'פשעִי'}}]]]"
ואנכי] 150 (pm) ואניIV,"{'chapter': '7', 'verses': [13], 'lemmas': [{'lemma': 'ואנכי'}]}","[[[{'Witnesses': [('', '150', 'pm')]}, {'Rdg': {'Reading': 'ואני'}}, {'Cross References': ['IV']}]]]"
דברו] 93 (pm) >,"{'chapter': '7', 'verses': [13], 'lemmas': [{'lemma': 'דברו'}]}","[[[{'Witnesses': [('', '93', 'pm')]}, {'Rdg': {'Sigla': '>'}}]]]"
14 זעקו] 30 (pm) יזעקו | 150 (pm) >,"{'chapter': '7', 'verses': [14], 'lemmas': [{'lemma': 'זעקו'}]}","[[[{'Witnesses': [('', '30', 'pm')]}, {'Rdg': {'Reading': 'יזעקו '}}]], [[{'Witnesses': [('', '150', 'pm')]}, {'Rdg': {'Sigla': '>'}}]]]"
בלבם] 93 (pm) בלבבםIV,"{'chapter': '7', 'verses': [14], 'lemmas': [{'lemma': 'בלבם'}]}","[[[{'Witnesses': [('', '93', 'pm')]}, {'Rdg': {'Reading': 'בלבבם'}}, {'Cross References': ['IV']}]]]"
יתגוררו] 93 (pm) >,"{'chapter': '7', 'verses': [14], 'lemmas': [{'lemma': 'יתגוררו'}]}","[[[{'Witnesses': [('', '93', 'pm')]}, {'Rdg': {'Sigla': '>'}}]]]"
15 יְחַשְּׁבו] 96 יַחְשְׁבו,"{'chapter': '7', 'verses': [15], 'lemmas': [{'lemma': 'יְחַשְּׁבו'}]}","[[[{'Witnesses': [('', '96', '')]}, {'Rdg': {'Reading': 'יַחְשְׁבו'}}]]]"
16 לא] 93 (pm) 150 (pm) לו,"{'chapter': '7', 'verses': [16], 'lemmas': [{'lemma': 'לא'}]}","[[[{'Witnesses': [('', '93', 'pm'), ('', '150', 'pm')]}, {'Rdg': {'Reading': 'לו'}}]]]"
על היו] 150 (pm) ~,"{'chapter': '7', 'verses': [16], 'lemmas': [{'lemma': 'על'}, {'lemma': 'היו'}]}","[[[{'Witnesses': [('', '150', 'pm')]}, {'Rdg': {'Sigla': '~'}}]]]"
זוֹ] 96 זוּ,"{'chapter': '7', 'verses': [16], 'lemmas': [{'lemma': 'זוֹ'}]}","[[[{'Witnesses': [('', '96', '')]}, {'Rdg': {'Reading': 'זוּ'}}]]]"
1 בית] 150 (pm) + על,"{'chapter': '8', 'verses': [1], 'lemmas': [{'lemma': 'בית'}]}","[[[{'Witnesses': [('', '150', 'pm')]}, {'Rdg': {'Sigla': '+', 'Reading': 'על'}}]]]"
עברו] 96 (pm) עבר,"{'chapter': '8', 'verses': [1], 'lemmas': [{'lemma': 'עברו'}]}","[[[{'Witnesses': [('', '96', 'pm')]}, {'Rdg': {'Reading': 'עבר'}}]]]"
תורָתי] 89 (pm) תורֹתי,"{'chapter': '8', 'verses': [1], 'lemmas': [{'lemma': 'תורָתי'}]}","[[[{'Witnesses': [('', '89', 'pm')]}, {'Rdg': {'Reading': 'תורֹתי'}}]]]"
2 ישראל] 96 (pm) >,"{'chapter': '8', 'verses': [2], 'lemmas': [{'lemma': 'ישראל'}]}","[[[{'Witnesses': [('', '96', 'pm')]}, {'Rdg': {'Sigla': '>'}}]]]"
5 עגלך] 93 עגליךI,"{'chapter': '8', 'verses': [5], 'lemmas': [{'lemma': 'עגלך'}]}","[[[{'Witnesses': [('', '93', '')]}, {'Rdg': {'Reading': 'עגליך'}}, {'Cross References': ['I']}]]]"
6 שבבים] 150 (pm) שבבוםIV,"{'chapter': '8', 'verses': [6], 'lemmas': [{'lemma': 'שבבים'}]}","[[[{'Witnesses': [('', '150', 'pm')]}, {'Rdg': {'Reading': 'שבבום'}}, {'Cross References': ['IV']}]]]"
8 חפץ] 150 (pm) >,"{'chapter': '8', 'verses': [8], 'lemmas': [{'lemma': 'חפץ'}]}","[[[{'Witnesses': [('', '150', 'pm')]}, {'Rdg': {'Sigla': '>'}}]]]"
בו] 96 בֹה,"{'chapter': '8', 'verses': [8], 'lemmas': [{'lemma': 'בו'}]}","[[[{'Witnesses': [('', '96', '')]}, {'Rdg': {'Reading': 'בֹה'}}]]]"
10 אקבצם] 93 (pm) קבצם,"{'chapter': '8', 'verses': [10], 'lemmas': [{'lemma': 'אקבצם'}]}","[[[{'Witnesses': [('', '93', 'pm')]}, {'Rdg': {'Reading': 'קבצם'}}]]]"
שרים] 96 150 ושריםI II IV,"{'chapter': '8', 'verses': [10], 'lemmas': [{'lemma': 'שרים'}]}","[[[{'Witnesses': [('', '96', ''), ('', '150', '')]}, {'Rdg': {'Reading': 'ושרים  '}}, {'Cross References': ['I', 'II', 'IV']}]]]"
11 כי] 89 (pm) >,"{'chapter': '8', 'verses': [11], 'lemmas': [{'lemma': 'כי'}]}","[[[{'Witnesses': [('', '89', 'pm')]}, {'Rdg': {'Sigla': '>'}}]]]"
אפרים] 30 (pm) ישראל,"{'chapter': '8', 'verses': [11], 'lemmas': [{'lemma': 'אפרים'}]}","[[[{'Witnesses': [('', '30', 'pm')]}, {'Rdg': {'Reading': 'ישראל'}}]]]"
לו] 93 (pm) לי,"{'chapter': '8', 'verses': [11], 'lemmas': [{'lemma': 'לו'}]}","[[[{'Witnesses': [('', '93', 'pm')]}, {'Rdg': {'Reading': 'לי'}}]]]"
"12 k אכתוב / q אכתב] 93 96 150 (sm) k, 30 89 150 (pm) q","{'chapter': '8', 'verses': [12], 'lemmas': [{'lemma': 'אכתוב', 'k': True}, {'lemma': 'אכתב', 'q': True}]}","[[[{'Witnesses': [('', '93', ''), ('', '96', ''), ('', '150', 'sm')]}, {'Rdg': {'Reading': 'k'}}], [{'Witnesses': [('', '30', ''), ('', '89', ''), ('', '150', 'pm')]}, {'Rdg': {'Reading': 'q'}}]]]"
"k רבו / q רבי] 30 89 93 96 q, 150 (pm) רובו","{'chapter': '8', 'verses': [12], 'lemmas': [{'lemma': 'רבו', 'k': True}, {'lemma': 'רבי', 'q': True}]}","[[[{'Witnesses': [('', '30', ''), ('', '89', ''), ('', '93', ''), ('', '96', '')]}, {'Rdg': {'Reading': 'q'}}], [{'Witnesses': [('', '150', 'pm')]}, {'Rdg': {'Reading': 'רובו'}}]]]"
13 וַיֹּאכלו] 30 89 93 96 וְיֹאכלו,"{'chapter': '8', 'verses': [13], 'lemmas': [{'lemma': 'וַיֹּאכלו'}]}","[[[{'Witnesses': [('', '30', ''), ('', '89', ''), ('', '93', ''), ('', '96', '')]}, {'Rdg': {'Reading': 'וְיֹאכלו'}}]]]"
יהוה] 150 (pm) ויהוהI IV,"{'chapter': '8', 'verses': [13], 'lemmas': [{'lemma': 'יהוה'}]}","[[[{'Witnesses': [('', '150', 'pm')]}, {'Rdg': {'Reading': 'ויהוה '}}, {'Cross References': ['I', 'IV']}]]]"
עתה] 150 (pm) ועתה,"{'chapter': '8', 'verses': [13], 'lemmas': [{'lemma': 'עתה'}]}","[[[{'Witnesses': [('', '150', 'pm')]}, {'Rdg': {'Reading': 'ועתה'}}]]]"
"חטֹאותם] 89 93 96 150 (pm) חטאתם, 30 חטָאתם","{'chapter': '8', 'verses': [13], 'lemmas': [{'lemma': 'חטֹאותם'}]}","[[[{'Witnesses': [('', '89', ''), ('', '93', ''), ('', '96', ''), ('', '150', 'pm')]}, {'Rdg': {'Reading': 'חטאתם'}}], [{'Witnesses': [('', '30', '')]}, {'Rdg': {'Reading': 'חטָאתם'}}]]]"
המה] 150 (pm) והמהIV,"{'chapter': '8', 'verses': [13], 'lemmas': [{'lemma': 'המה'}]}","[[[{'Witnesses': [('', '150', 'pm')]}, {'Rdg': {'Reading': 'והמה'}}, {'Cross References': ['IV']}]]]"
14 ויבן] 93 א..,"{'chapter': '8', 'verses': [14], 'lemmas': [{'lemma': 'ויבן'}]}","[[[{'Witnesses': [('', '93', '')]}, {'Rdg': {'Reading': 'א..'}}]]]"
הרבה] 30 (pm) + מזבחות,"{'chapter': '8', 'verses': [14], 'lemmas': [{'lemma': 'הרבה'}]}","[[[{'Witnesses': [('', '30', 'pm')]}, {'Rdg': {'Sigla': '+', 'Reading': 'מזבחות'}}]]]"
ואכלה] 150 (pm) + כל,"{'chapter': '8', 'verses': [14], 'lemmas': [{'lemma': 'ואכלה'}]}","[[[{'Witnesses': [('', '150', 'pm')]}, {'Rdg': {'Sigla': '+', 'Reading': 'כל'}}]]]"
ארמנתיה] 93 (pm) ארמנותיו,"{'chapter': '8', 'verses': [14], 'lemmas': [{'lemma': 'ארמנתיה'}]}","[[[{'Witnesses': [('', '93', 'pm')]}, {'Rdg': {'Reading': 'ארמנותיו'}}]]]"
2 בהּ] 30 (pm) 93 96 בםI IV,"{'chapter': '9', 'verses': [2], 'lemmas': [{'lemma': 'בהּ'}]}","[[[{'Witnesses': [('', '30', 'pm'), ('', '93', ''), ('', '96', '')]}, {'Rdg': {'Reading': 'בם '}}, {'Cross References': ['I', 'IV']}]]]"
4 יטמאו] 93 (pm) יטמא,"{'chapter': '9', 'verses': [4], 'lemmas': [{'lemma': 'יטמאו'}]}","[[[{'Witnesses': [('', '93', 'pm')]}, {'Rdg': {'Reading': 'יטמא'}}]]]"
בית] 93 (pm) >,"{'chapter': '9', 'verses': [4], 'lemmas': [{'lemma': 'בית'}]}","[[[{'Witnesses': [('', '93', 'pm')]}, {'Rdg': {'Sigla': '>'}}]]]"
5 יהוה] 150 (pm) ליהוה,"{'chapter': '9', 'verses': [5], 'lemmas': [{'lemma': 'יהוה'}]}","[[[{'Witnesses': [('', '150', 'pm')]}, {'Rdg': {'Reading': 'ליהוה'}}]]]"
6 תְקַברם] 30 93 תִקְברם,"{'chapter': '9', 'verses': [6], 'lemmas': [{'lemma': 'תְקַברם'}]}","[[[{'Witnesses': [('', '30', ''), ('', '93', '')]}, {'Rdg': {'Reading': 'תִקְברם'}}]]]"
לכספם] 150 לנפשם,"{'chapter': '9', 'verses': [6], 'lemmas': [{'lemma': 'לכספם'}]}","[[[{'Witnesses': [('', '150', '')]}, {'Rdg': {'Reading': 'לנפשם'}}]]]"
7 ישראל] 96 (pm) לישראל,"{'chapter': '9', 'verses': [7], 'lemmas': [{'lemma': 'ישראל'}]}","[[[{'Witnesses': [('', '96', 'pm')]}, {'Rdg': {'Reading': 'לישראל'}}]]]"
אויל] 96 (pm) >,"{'chapter': '9', 'verses': [7], 'lemmas': [{'lemma': 'אויל'}]}","[[[{'Witnesses': [('', '96', 'pm')]}, {'Rdg': {'Sigla': '>'}}]]]"
רֹב] 96 רַב,"{'chapter': '9', 'verses': [7], 'lemmas': [{'lemma': 'רֹב'}]}","[[[{'Witnesses': [('', '96', '')]}, {'Rdg': {'Reading': 'רַב'}}]]]"
עונְךָ] 96 עונֵךְ,"{'chapter': '9', 'verses': [7], 'lemmas': [{'lemma': 'עונְךָ'}]}","[[[{'Witnesses': [('', '96', '')]}, {'Rdg': {'Reading': 'עונֵךְ'}}]]]"
ורבה] 150 (pm) רבהIV,"{'chapter': '9', 'verses': [7], 'lemmas': [{'lemma': 'ורבה'}]}","[[[{'Witnesses': [('', '150', 'pm')]}, {'Rdg': {'Reading': 'רבה'}}, {'Cross References': ['IV']}]]]"
8 אלהי] 150 (pm) אלהיו,"{'chapter': '9', 'verses': [8], 'lemmas': [{'lemma': 'אלהי'}]}","[[[{'Witnesses': [('', '150', 'pm')]}, {'Rdg': {'Reading': 'אלהיו'}}]]]"
נביא] 96 (pm) הנביא,"{'chapter': '9', 'verses': [8], 'lemmas': [{'lemma': 'נביא'}]}","[[[{'Witnesses': [('', '96', 'pm')]}, {'Rdg': {'Reading': 'הנביא'}}]]]"
יקוֹש] 93 96 יקוּש,"{'chapter': '9', 'verses': [8], 'lemmas': [{'lemma': 'יקוֹש'}]}","[[[{'Witnesses': [('', '93', ''), ('', '96', '')]}, {'Rdg': {'Reading': 'יקוּש'}}]]]"
"9 יפקוד] 30 93 150 וְיפקד, 96 וְיפקודI IV","{'chapter': '9', 'verses': [9], 'lemmas': [{'lemma': 'יפקוד'}]}","[[[{'Witnesses': [('', '30', ''), ('', '93', ''), ('', '150', '')]}, {'Rdg': {'Reading': 'וְיפקד'}}], [{'Witnesses': [('', '96', '')]}, {'Rdg': {'Reading': 'וְיפקוד '}}, {'Cross References': ['I', 'IV']}]]]"
"חטאותם] 89 93 150 (pm) חטֹאתם, 30 חטָאתם","{'chapter': '9', 'verses': [9], 'lemmas': [{'lemma': 'חטאותם'}]}","[[[{'Witnesses': [('', '89', ''), ('', '93', ''), ('', '150', 'pm')]}, {'Rdg': {'Reading': 'חטֹאתם'}}], [{'Witnesses': [('', '30', '')]}, {'Rdg': {'Reading': 'חטָאתם'}}]]]"
10 במדבר] 96 (pm) במדברה,"{'chapter': '9', 'verses': [10], 'lemmas': [{'lemma': 'במדבר'}]}","[[[{'Witnesses': [('', '96', 'pm')]}, {'Rdg': {'Reading': 'במדברה'}}]]]"
וַינזרו] 30 וְינזרו,"{'chapter': '9', 'verses': [10], 'lemmas': [{'lemma': 'וַינזרו'}]}","[[[{'Witnesses': [('', '30', '')]}, {'Rdg': {'Reading': 'וְינזרו'}}]]]"
ויהיו] 96 (pm) ויהי,"{'chapter': '9', 'verses': [10], 'lemmas': [{'lemma': 'ויהיו'}]}","[[[{'Witnesses': [('', '96', 'pm')]}, {'Rdg': {'Reading': 'ויהי'}}]]]"
11 ומבטן] 30 מבטןIV,"{'chapter': '9', 'verses': [11], 'lemmas': [{'lemma': 'ומבטן'}]}","[[[{'Witnesses': [('', '30', '')]}, {'Rdg': {'Reading': 'מבטן'}}, {'Cross References': ['IV']}]]]"
13 ואפרים] 89 (pm) 96 150 (pm) אפרים,"{'chapter': '9', 'verses': [13], 'lemmas': [{'lemma': 'ואפרים'}]}","[[[{'Witnesses': [('', '89', 'pm'), ('', '96', ''), ('', '150', 'pm')]}, {'Rdg': {'Reading': 'אפרים'}}]]]"
14 תתן] 30 (pm) + להםI,"{'chapter': '9', 'verses': [14], 'lemmas': [{'lemma': 'תתן'}]}","[[[{'Witnesses': [('', '30', 'pm')]}, {'Rdg': {'Sigla': '+', 'Reading': 'להם'}}, {'Cross References': ['I']}]]]"
רחם] 96 (pm) מרחם,"{'chapter': '9', 'verses': [14], 'lemmas': [{'lemma': 'רחם'}]}","[[[{'Witnesses': [('', '96', 'pm')]}, {'Rdg': {'Reading': 'מרחם'}}]]]"
15 כי] 96 >,"{'chapter': '9', 'verses': [15], 'lemmas': [{'lemma': 'כי'}]}","[[[{'Witnesses': [('', '96', '')]}, {'Rdg': {'Sigla': '>'}}]]]"
מביתי] 93 (pm) מביתIV,"{'chapter': '9', 'verses': [15], 'lemmas': [{'lemma': 'מביתי'}]}","[[[{'Witnesses': [('', '93', 'pm')]}, {'Rdg': {'Reading': 'מבית'}}, {'Cross References': ['IV']}]]]"
"16 k בלי / q בל] 150 (sm) k, 30 89 93 96 150 (pm) q","{'chapter': '9', 'verses': [16], 'lemmas': [{'lemma': 'בלי', 'k': True}, {'lemma': 'בל', 'q': True}]}","[[[{'Witnesses': [('', '150', 'sm')]}, {'Rdg': {'Reading': 'k'}}], [{'Witnesses': [('', '30', ''), ('', '89', ''), ('', '93', ''), ('', '96', ''), ('', '150', 'pm')]}, {'Rdg': {'Reading': 'q'}}]]]"
ילדון] 93 (pm) ילזון,"{'chapter': '9', 'verses': [16], 'lemmas': [{'lemma': 'ילדון'}]}","[[[{'Witnesses': [('', '93', 'pm')]}, {'Rdg': {'Reading': 'ילזון'}}]]]"
17 אלהי] 93 (pm) אלהו (?),"{'chapter': '9', 'verses': [17], 'lemmas': [{'lemma': 'אלהי'}]}","[[[{'Witnesses': [('', '93', 'pm')]}, {'Rdg': {'Reading': 'אלהו ', 'Comment': '(?)'}}]]]"
לו] 150 >,"{'chapter': '9', 'verses': [17], 'lemmas': [{'lemma': 'לו'}]}","[[[{'Witnesses': [('', '150', '')]}, {'Rdg': {'Sigla': '>'}}]]]"
1 כרב לפריו הרבה למזבחות] 150 (pm) >,"{'chapter': '10', 'verses': [1], 'lemmas': [{'lemma': 'כרב'}, {'lemma': 'לפריו'}, {'lemma': 'הרבה'}, {'lemma': 'למזבחות'}]}","[[[{'Witnesses': [('', '150', 'pm')]}, {'Rdg': {'Sigla': '>'}}]]]"
למזבחות] 93 (pm) למזבח,"{'chapter': '10', 'verses': [1], 'lemmas': [{'lemma': 'למזבחות'}]}","[[[{'Witnesses': [('', '93', 'pm')]}, {'Rdg': {'Reading': 'למזבח'}}]]]"
2 ישֹׁדד] 96 (pm) ישוד | 150 (pm) וישבר,"{'chapter': '10', 'verses': [2], 'lemmas': [{'lemma': 'ישֹׁדד'}]}","[[[{'Witnesses': [('', '96', 'pm')]}, {'Rdg': {'Reading': 'ישוד '}}]], [[{'Witnesses': [('', '150', 'pm')]}, {'Rdg': {'Reading': 'וישבר'}}]]]"
3 כי1] 150 + לא (non voc),"{'chapter': '10', 'verses': [3], 'lemmas': [{'lemma': 'כי', 'number': '1'}]}","[[[{'Witnesses': [('', '150', '')]}, {'Rdg': {'Sigla': '+', 'Reading': 'לא ', 'Comment': '(non voc)'}}]]]"
יָרֵאנו] 30 יַרְאֵנו,"{'chapter': '10', 'verses': [3], 'lemmas': [{'lemma': 'יָרֵאנו'}]}","[[[{'Witnesses': [('', '30', '')]}, {'Rdg': {'Reading': 'יַרְאֵנו'}}]]]"
4 דברו] 150 ..דברים,"{'chapter': '10', 'verses': [4], 'lemmas': [{'lemma': 'דברו'}]}","[[[{'Witnesses': [('', '150', '')]}, {'Rdg': {'Sigla': '..', 'Reading': 'דברים'}}]]]"
כרֹת] 96 (pm) וכרותI,"{'chapter': '10', 'verses': [4], 'lemmas': [{'lemma': 'כרֹת'}]}","[[[{'Witnesses': [('', '96', 'pm')]}, {'Rdg': {'Reading': 'וכרות'}}, {'Cross References': ['I']}]]]"
ופרח] 150 (pm) ופתח,"{'chapter': '10', 'verses': [4], 'lemmas': [{'lemma': 'ופרח'}]}","[[[{'Witnesses': [('', '150', 'pm')]}, {'Rdg': {'Reading': 'ופתח'}}]]]"
5 שמרון] 30 שמרין (?),"{'chapter': '10', 'verses': [5], 'lemmas': [{'lemma': 'שמרון'}]}","[[[{'Witnesses': [('', '30', '')]}, {'Rdg': {'Reading': 'שמרין ', 'Comment': '(?)'}}]]]"
וכְמריו] G-B Msr 34 כֹ,"{'chapter': '10', 'verses': [5], 'lemmas': [{'lemma': 'וכְמריו'}]}","[[[{'Witnesses': [('G-B Msr ', '34', '')]}, {'Rdg': {'Reading': 'כֹ'}}]]]"
יגילו] 150 (sm) יגלו,"{'chapter': '10', 'verses': [5], 'lemmas': [{'lemma': 'יגילו'}]}","[[[{'Witnesses': [('', '150', 'sm')]}, {'Rdg': {'Reading': 'יגלו'}}]]]"
על] 93 (pm) ועל,"{'chapter': '10', 'verses': [5], 'lemmas': [{'lemma': 'על'}]}","[[[{'Witnesses': [('', '93', 'pm')]}, {'Rdg': {'Reading': 'ועל'}}]]]"
ממנו] 96 (pm) ממני,"{'chapter': '10', 'verses': [5], 'lemmas': [{'lemma': 'ממנו'}]}","[[[{'Witnesses': [('', '96', 'pm')]}, {'Rdg': {'Reading': 'ממני'}}]]]"
6 בָשנה] G-B Msr 34 בָשְנָה ל ומדׄ מיש ביה בֹשְנָה,"{'chapter': '10', 'verses': [6], 'lemmas': [{'lemma': 'בָשנה'}]}","[[[{'Witnesses': [('G-B Msr ', '34', '')]}, {'Rdg': {'Reading': 'בָשְנָה ל ומדׄ מיש ביה בֹשְנָה'}}]]]"
7 נדמֶה] 93 נדמָה | 30 (pm) + אפרים,"{'chapter': '10', 'verses': [7], 'lemmas': [{'lemma': 'נדמֶה'}]}","[[[{'Witnesses': [('', '93', '')]}, {'Rdg': {'Reading': 'נדמָה '}}]], [[{'Witnesses': [('', '30', 'pm')]}, {'Rdg': {'Sigla': '+', 'Reading': 'אפרים'}}]]]"
מלכהּ] 93 (pm) מלכם,"{'chapter': '10', 'verses': [7], 'lemmas': [{'lemma': 'מלכהּ'}]}","[[[{'Witnesses': [('', '93', 'pm')]}, {'Rdg': {'Reading': 'מלכם'}}]]]"
מים] 93 (pm) המים,"{'chapter': '10', 'verses': [7], 'lemmas': [{'lemma': 'מים'}]}","[[[{'Witnesses': [('', '93', 'pm')]}, {'Rdg': {'Reading': 'המים'}}]]]"
8 ודרדר] G-B Eb 16 ודר דר,"{'chapter': '10', 'verses': [8], 'lemmas': [{'lemma': 'ודרדר'}]}","[[[{'Witnesses': [('G-B Eb ', '16', '')]}, {'Rdg': {'Reading': 'ודר דר'}}]]]"
כַּסונו] 89 כִּסונו (?),"{'chapter': '10', 'verses': [8], 'lemmas': [{'lemma': 'כַּסונו'}]}","[[[{'Witnesses': [('', '89', '')]}, {'Rdg': {'Reading': 'כִּסונו ', 'Comment': '(?)'}}]]]"
9 מימי] 30 (pm) ממי,"{'chapter': '10', 'verses': [9], 'lemmas': [{'lemma': 'מימי'}]}","[[[{'Witnesses': [('', '30', 'pm')]}, {'Rdg': {'Reading': 'ממי'}}]]]"
חטאתָ] 93 (sm) 96 (sm) חטא (ת non voc),"{'chapter': '10', 'verses': [9], 'lemmas': [{'lemma': 'חטאתָ'}]}","[[[{'Witnesses': [('', '93', 'sm'), ('', '96', 'sm')]}, {'Rdg': {'Reading': 'חטא ', 'Comment': '(ת non voc)'}}]]]"
עלוה] 89 (sm) עולהI,"{'chapter': '10', 'verses': [9], 'lemmas': [{'lemma': 'עלוה'}]}","[[[{'Witnesses': [('', '89', 'sm')]}, {'Rdg': {'Reading': 'עולה'}}, {'Cross References': ['I']}]]]"
10 ואסרם] 96 (pm) יאשרם | 150 ..על,"{'chapter': '10', 'verses': [10], 'lemmas': [{'lemma': 'ואסרם'}]}","[[[{'Witnesses': [('', '96', 'pm')]}, {'Rdg': {'Reading': 'יאשרם '}}]], [[{'Witnesses': [('', '150', '')]}, {'Rdg': {'Sigla': '..', 'Reading': 'על'}}]]]"
"k עינתם / q עונֹתם] 30 k, 89 G-B Eb 16 q, 93 96 150 (pm) עונותם","{'chapter': '10', 'verses': [10], 'lemmas': [{'lemma': 'עינתם', 'k': True}, {'lemma': 'עונֹתם', 'q': True}]}","[[[{'Witnesses': [('', '30', '')]}, {'Rdg': {'Reading': 'k'}}], [{'Witnesses': [('', '89', ''), ('G-B Eb ', '16', '')]}, {'Rdg': {'Reading': 'q'}}], [{'Witnesses': [('', '93', ''), ('', '96', ''), ('', '150', 'pm')]}, {'Rdg': {'Reading': 'עונותם'}}]]]"
12 קצרו] 30 96 (pm) 150 (pm) וקצרוI II IV,"{'chapter': '10', 'verses': [12], 'lemmas': [{'lemma': 'קצרו'}]}","[[[{'Witnesses': [('', '30', ''), ('', '96', 'pm'), ('', '150', 'pm')]}, {'Rdg': {'Reading': 'וקצרו  '}}, {'Cross References': ['I', 'II', 'IV']}]]]"
ועת] 150 (pm) עת,"{'chapter': '10', 'verses': [12], 'lemmas': [{'lemma': 'ועת'}]}","[[[{'Witnesses': [('', '150', 'pm')]}, {'Rdg': {'Reading': 'עת'}}]]]"
לדרוש] 96 >,"{'chapter': '10', 'verses': [12], 'lemmas': [{'lemma': 'לדרוש'}]}","[[[{'Witnesses': [('', '96', '')]}, {'Rdg': {'Sigla': '>'}}]]]"
"את] 30 (pm) >, 96 (non voc)","{'chapter': '10', 'verses': [12], 'lemmas': [{'lemma': 'את'}]}","[[[{'Witnesses': [('', '30', 'pm')]}, {'Rdg': {'Sigla': '>'}}], [{'Witnesses': [('', '96', 'non voc')]}, {'Rdg': ''}]]]"
יהוה] 93 (pm) יהודה,"{'chapter': '10', 'verses': [12], 'lemmas': [{'lemma': 'יהוה'}]}","[[[{'Witnesses': [('', '93', 'pm')]}, {'Rdg': {'Reading': 'יהודה'}}]]]"
ויֹרה] 93 (pm) G-B Eb 16 יורה,"{'chapter': '10', 'verses': [12], 'lemmas': [{'lemma': 'ויֹרה'}]}","[[[{'Witnesses': [('', '93', 'pm'), ('', '93', ''), ('G-B Eb ', '16', '')]}, {'Rdg': {'Reading': 'יורה'}}]]]"
13 בדרכְּך] 96 150 (pm) בדרכיךI IV,"{'chapter': '10', 'verses': [13], 'lemmas': [{'lemma': 'בדרכְּך'}]}","[[[{'Witnesses': [('', '96', ''), ('', '150', 'pm')]}, {'Rdg': {'Reading': 'בדרכיך '}}, {'Cross References': ['I', 'IV']}]]]"
14 וכל] 150 (pm) כל,"{'chapter': '10', 'verses': [14], 'lemmas': [{'lemma': 'וכל'}]}","[[[{'Witnesses': [('', '150', 'pm')]}, {'Rdg': {'Reading': 'כל'}}]]]"
שלמן] 96 שלומך,"{'chapter': '10', 'verses': [14], 'lemmas': [{'lemma': 'שלמן'}]}","[[[{'Witnesses': [('', '96', '')]}, {'Rdg': {'Reading': 'שלומך'}}]]]"
ארבֵאל] 93 ארבְּאֵל,"{'chapter': '10', 'verses': [14], 'lemmas': [{'lemma': 'ארבֵאל'}]}","[[[{'Witnesses': [('', '93', '')]}, {'Rdg': {'Reading': 'ארבְּאֵל'}}]]]"
15 בית-אל] 96 ביתְאלIV,"{'chapter': '10', 'verses': [15], 'lemmas': [{'lemma': 'בית-אל'}]}","[[[{'Witnesses': [('', '96', '')]}, {'Rdg': {'Reading': 'ביתְאל'}}, {'Cross References': ['IV']}]]]"
2 יזבחו] 150 (pm) יזבחון,"{'chapter': '11', 'verses': [2], 'lemmas': [{'lemma': 'יזבחו'}]}","[[[{'Witnesses': [('', '150', 'pm')]}, {'Rdg': {'Reading': 'יזבחון'}}]]]"
ולפסִלים] 96 לפסילים,"{'chapter': '11', 'verses': [2], 'lemmas': [{'lemma': 'ולפסִלים'}]}","[[[{'Witnesses': [('', '96', '')]}, {'Rdg': {'Reading': 'לפסילים'}}]]]"
3 זרועֹתיו] 96 (sm) זרועותיI II,"{'chapter': '11', 'verses': [3], 'lemmas': [{'lemma': 'זרועֹתיו'}]}","[[[{'Witnesses': [('', '96', 'sm')]}, {'Rdg': {'Reading': 'זרועותי '}}, {'Cross References': ['I', 'II']}]]]"
רפאתים] 96 (pm) רפאתיו,"{'chapter': '11', 'verses': [3], 'lemmas': [{'lemma': 'רפאתים'}]}","[[[{'Witnesses': [('', '96', 'pm')]}, {'Rdg': {'Reading': 'רפאתיו'}}]]]"
4 להם] 150 (pm) לה,"{'chapter': '11', 'verses': [4], 'lemmas': [{'lemma': 'להם'}]}","[[[{'Witnesses': [('', '150', 'pm')]}, {'Rdg': {'Reading': 'לה'}}]]]"
לחֵיהם] 30 93 לחָיֵיהם,"{'chapter': '11', 'verses': [4], 'lemmas': [{'lemma': 'לחֵיהם'}]}","[[[{'Witnesses': [('', '30', ''), ('', '93', '')]}, {'Rdg': {'Reading': 'לחָיֵיהם'}}]]]"
6 וכִלתה] 96 וכָלתהI,"{'chapter': '11', 'verses': [6], 'lemmas': [{'lemma': 'וכִלתה'}]}","[[[{'Witnesses': [('', '96', '')]}, {'Rdg': {'Reading': 'וכָלתה'}}, {'Cross References': ['I']}]]]"
ממֹעצותיהם] 96 (pm) ממעֲוצותיהם,"{'chapter': '11', 'verses': [6], 'lemmas': [{'lemma': 'ממֹעצותיהם'}]}","[[[{'Witnesses': [('', '96', 'pm')]}, {'Rdg': {'Reading': 'ממעֲוצותיהם'}}]]]"
7 תלואִים] G-B Ea 12 תלואיִם,"{'chapter': '11', 'verses': [7], 'lemmas': [{'lemma': 'תלואִים'}]}","[[[{'Witnesses': [('', '', 'G-B Ea '), ('', '12', '')]}, {'Rdg': {'Reading': 'תלואיִם'}}]]]"
למשובתי] 30 (pm) למשבתוI,"{'chapter': '11', 'verses': [7], 'lemmas': [{'lemma': 'למשובתי'}]}","[[[{'Witnesses': [('', '30', 'pm')]}, {'Rdg': {'Reading': 'למשבתו'}}, {'Cross References': ['I']}]]]"
"8 כצבאיִם] 89 כצבאִים, 150 כצבוים","{'chapter': '11', 'verses': [8], 'lemmas': [{'lemma': 'כצבאיִם'}]}","[[[{'Witnesses': [('', '89', '')]}, {'Rdg': {'Reading': 'כצבאִים'}}], [{'Witnesses': [('', '150', '')]}, {'Rdg': {'Reading': 'כצבוים'}}]]]"
9 לא2] 30 (pm) 150 (pm) ולאII IV,"{'chapter': '11', 'verses': [9], 'lemmas': [{'lemma': 'לא', 'number': '2'}]}","[[[{'Witnesses': [('', '30', 'pm'), ('', '150', 'pm')]}, {'Rdg': {'Reading': 'ולא '}}, {'Cross References': ['II', 'IV']}]]]"
ולא2] 93 (sm) 150 (pm) לאII IV,"{'chapter': '11', 'verses': [9], 'lemmas': [{'lemma': 'ולא', 'number': '2'}]}","[[[{'Witnesses': [('', '93', 'sm'), ('', '150', 'pm')]}, {'Rdg': {'Reading': 'לא '}}, {'Cross References': ['II', 'IV']}]]]"
11 וּכְיונה] 93 וְכַיונה,"{'chapter': '11', 'verses': [11], 'lemmas': [{'lemma': 'וּכְיונה'}]}","[[[{'Witnesses': [('', '93', '')]}, {'Rdg': {'Reading': 'וְכַיונה'}}]]]"
1 רד] 96 (sm) >,"{'chapter': '12', 'verses': [1], 'lemmas': [{'lemma': 'רד'}]}","[[[{'Witnesses': [('', '96', 'sm')]}, {'Rdg': {'Sigla': '>'}}]]]"
2 כזב] 150 (pm) חמס,"{'chapter': '12', 'verses': [2], 'lemmas': [{'lemma': 'כזב'}]}","[[[{'Witnesses': [('', '150', 'pm')]}, {'Rdg': {'Reading': 'חמס'}}]]]"
ושֹׁד] 93 (pm) >,"{'chapter': '12', 'verses': [2], 'lemmas': [{'lemma': 'ושֹׁד'}]}","[[[{'Witnesses': [('', '93', 'pm')]}, {'Rdg': {'Sigla': '>'}}]]]"
וברית] 96 (pm) ובריית,"{'chapter': '12', 'verses': [2], 'lemmas': [{'lemma': 'וברית'}]}","[[[{'Witnesses': [('', '96', 'pm')]}, {'Rdg': {'Reading': 'ובריית'}}]]]"
3 כמעלליו] 150 (pm) וכמעלליוI II,"{'chapter': '12', 'verses': [3], 'lemmas': [{'lemma': 'כמעלליו'}]}","[[[{'Witnesses': [('', '150', 'pm')]}, {'Rdg': {'Reading': 'וכמעלליו '}}, {'Cross References': ['I', 'II']}]]]"
ישיב] 30 (pm) 150 (pm) אשיבI,"{'chapter': '12', 'verses': [3], 'lemmas': [{'lemma': 'ישיב'}]}","[[[{'Witnesses': [('', '30', 'pm'), ('', '150', 'pm')]}, {'Rdg': {'Reading': 'אשיב'}}, {'Cross References': ['I']}]]]"
4 שׂרה] 150 (pm) סרה,"{'chapter': '12', 'verses': [4], 'lemmas': [{'lemma': 'שׂרה'}]}","[[[{'Witnesses': [('', '150', 'pm')]}, {'Rdg': {'Reading': 'סרה'}}]]]"
5 ימצאֶנו] 93 (pm) ימצאונוI,"{'chapter': '12', 'verses': [5], 'lemmas': [{'lemma': 'ימצאֶנו'}]}","[[[{'Witnesses': [('', '93', 'pm')]}, {'Rdg': {'Reading': 'ימצאונו'}}, {'Cross References': ['I']}]]]"
7 שמֹר] 30 שמו,"{'chapter': '12', 'verses': [7], 'lemmas': [{'lemma': 'שמֹר'}]}","[[[{'Witnesses': [('', '30', '')]}, {'Rdg': {'Reading': 'שמו'}}]]]"
10 כימי] 30 (pm) כיוםI,"{'chapter': '12', 'verses': [10], 'lemmas': [{'lemma': 'כימי'}]}","[[[{'Witnesses': [('', '30', 'pm')]}, {'Rdg': {'Reading': 'כיום'}}, {'Cross References': ['I']}]]]"
11 הרביתי] 150 (pm) + על הנביאים ואנכי חזון הרבתי (non voc),"{'chapter': '12', 'verses': [11], 'lemmas': [{'lemma': 'הרביתי'}]}","[[[{'Witnesses': [('', '150', 'pm')]}, {'Rdg': {'Sigla': '+', 'Reading': 'על הנביאים ואנכי חזון הרבתי ', 'Comment': '(non voc)'}}]]]"
12 גלעד און] 93 ~,"{'chapter': '12', 'verses': [12], 'lemmas': [{'lemma': 'גלעד'}, {'lemma': 'און'}]}","[[[{'Witnesses': [('', '93', '')]}, {'Rdg': {'Sigla': '~'}}]]]"
בגלגל] 150 (pm) ובגלגל,"{'chapter': '12', 'verses': [12], 'lemmas': [{'lemma': 'בגלגל'}]}","[[[{'Witnesses': [('', '150', 'pm')]}, {'Rdg': {'Reading': 'ובגלגל'}}]]]"
זבחו] 93 (pm) >,"{'chapter': '12', 'verses': [12], 'lemmas': [{'lemma': 'זבחו'}]}","[[[{'Witnesses': [('', '93', 'pm')]}, {'Rdg': {'Sigla': '>'}}]]]"
גם מזבחותם] 96 >,"{'chapter': '12', 'verses': [12], 'lemmas': [{'lemma': 'גם'}, {'lemma': 'מזבחותם'}]}","[[[{'Witnesses': [('', '96', '')]}, {'Rdg': {'Sigla': '>'}}]]]"
2 כלֹה] 150 (pm) כלם (similarly PesiqtaRKms 24:10 (357:10)),"{'chapter': '13', 'verses': [2], 'lemmas': [{'lemma': 'כלֹה'}]}","[[[{'Witnesses': [('', '150', 'pm')]}, {'Rdg': {'Reading': 'כלם ', 'Comment': '(similarly PesiqtaRKms 24:10 (357:10))'}}]]]"
3 הֹלך] 96 (pm) והולך,"{'chapter': '13', 'verses': [3], 'lemmas': [{'lemma': 'הֹלך'}]}","[[[{'Witnesses': [('', '96', 'pm')]}, {'Rdg': {'Reading': 'והולך'}}]]]"
4 אין] 30 (pm) + אין,"{'chapter': '13', 'verses': [4], 'lemmas': [{'lemma': 'אין'}]}","[[[{'Witnesses': [('', '30', 'pm')]}, {'Rdg': {'Sigla': '+', 'Reading': 'אין'}}]]]"
6 כן]  150 (pm) >,"{'chapter': '13', 'verses': [6], 'lemmas': [{'lemma': 'כן'}]}","[[[{'Witnesses': [('', '150', 'pm')]}, {'Rdg': {'Sigla': '>'}}]]]"
7 כנמר] 93 (pm) וכנמרI,"{'chapter': '13', 'verses': [7], 'lemmas': [{'lemma': 'כנמר'}]}","[[[{'Witnesses': [('', '93', 'pm')]}, {'Rdg': {'Reading': 'וכנמר'}}, {'Cross References': ['I']}]]]"
8 חית] 93 150 (pm) וחיתI,"{'chapter': '13', 'verses': [8], 'lemmas': [{'lemma': 'חית'}]}","[[[{'Witnesses': [('', '93', ''), ('', '150', 'pm')]}, {'Rdg': {'Reading': 'וחית'}}, {'Cross References': ['I']}]]]"
9 בי] 150 (pm) >,"{'chapter': '13', 'verses': [9], 'lemmas': [{'lemma': 'בי'}]}","[[[{'Witnesses': [('', '150', 'pm')]}, {'Rdg': {'Sigla': '>'}}]]]"
10 אפוא] 30 איפֹה,"{'chapter': '13', 'verses': [10], 'lemmas': [{'lemma': 'אפוא'}]}","[[[{'Witnesses': [('', '30', '')]}, {'Rdg': {'Reading': 'איפֹה'}}]]]"
ויושיעֲך] 96 (pm) ויושיעוך,"{'chapter': '13', 'verses': [10], 'lemmas': [{'lemma': 'ויושיעֲך'}]}","[[[{'Witnesses': [('', '96', 'pm')]}, {'Rdg': {'Reading': 'ויושיעוך'}}]]]"
לי] 96 לנו,"{'chapter': '13', 'verses': [10], 'lemmas': [{'lemma': 'לי'}]}","[[[{'Witnesses': [('', '96', '')]}, {'Rdg': {'Reading': 'לנו'}}]]]"
13 לו] 93 (pm?) 96 לָךְ,"{'chapter': '13', 'verses': [13], 'lemmas': [{'lemma': 'לו'}]}","[[[{'Witnesses': [('', '93', 'pm?'), ('', '96', '')]}, {'Rdg': {'Reading': 'לָךְ'}}]]]"
הוא] 93 (pm) 150 (pm) והואIV,"{'chapter': '13', 'verses': [13], 'lemmas': [{'lemma': 'הוא'}]}","[[[{'Witnesses': [('', '93', 'pm'), ('', '150', 'pm')]}, {'Rdg': {'Reading': 'והוא'}}, {'Cross References': ['IV']}]]]"
לא1] 93 ולא,"{'chapter': '13', 'verses': [13], 'lemmas': [{'lemma': 'לא', 'number': '1'}]}","[[[{'Witnesses': [('', '93', '')]}, {'Rdg': {'Reading': 'ולא'}}]]]"
14 ממות] 30 89 (sm) 93 (pm) 96 150 (pm) וממותI II,"{'chapter': '13', 'verses': [14], 'lemmas': [{'lemma': 'ממות'}]}","[[[{'Witnesses': [('', '30', ''), ('', '89', 'sm'), ('', '93', 'pm'), ('', '96', ''), ('', '150', 'pm')]}, {'Rdg': {'Reading': 'וממות '}}, {'Cross References': ['I', 'II']}]]]"
דבריך] 30 93 (pm) 96 דברךI II IV,"{'chapter': '13', 'verses': [14], 'lemmas': [{'lemma': 'דבריך'}]}","[[[{'Witnesses': [('', '30', ''), ('', '93', 'pm'), ('', '96', '')]}, {'Rdg': {'Reading': 'דברך  '}}, {'Cross References': ['I', 'II', 'IV']}]]]"
"נֹחם] G-B Msr 34 נַחֵם (taken as infinitive, see Yeivin, Babylonian Vocalization, 1:542)","{'chapter': '13', 'verses': [14], 'lemmas': [{'lemma': 'נֹחם'}]}","[[[{'Witnesses': [('G-B Msr ', '34', '')]}, {'Rdg': {'Reading': 'נַחֵם ', 'Comment': '(taken as infinitive, see Yeivin, Babylonian ocalization, 1:542)'}}, {'Cross References': ['V']}]]]"
15 בין] 93 (pm) בןI II IV,"{'chapter': '13', 'verses': [15], 'lemmas': [{'lemma': 'בין'}]}","[[[{'Witnesses': [('', '93', 'pm')]}, {'Rdg': {'Reading': 'בן  '}}, {'Cross References': ['I', 'II', 'IV']}]]]"
ויבוש] 93 (pm) תיבש,"{'chapter': '13', 'verses': [15], 'lemmas': [{'lemma': 'ויבוש'}]}","[[[{'Witnesses': [('', '93', 'pm')]}, {'Rdg': {'Reading': 'תיבש'}}]]]"
הוא2] 93 (pm) 96 150 (pm) והואI II,"{'chapter': '13', 'verses': [15], 'lemmas': [{'lemma': 'הוא', 'number': '2'}]}","[[[{'Witnesses': [('', '93', 'pm'), ('', '96', ''), ('', '150', 'pm')]}, {'Rdg': {'Reading': 'והוא '}}, {'Cross References': ['I', 'II']}]]]"
1 עלליהם] 93 150 (pm) ועולליהםI,"{'chapter': '14', 'verses': [1], 'lemmas': [{'lemma': 'עלליהם'}]}","[[[{'Witnesses': [('', '93', ''), ('', '150', 'pm')]}, {'Rdg': {'Reading': 'ועולליהם'}}, {'Cross References': ['I']}]]]"
3 ושובו] 150 (pm) ושֻׁבו,"{'chapter': '14', 'verses': [3], 'lemmas': [{'lemma': 'ושובו'}]}","[[[{'Witnesses': [('', '150', 'pm')]}, {'Rdg': {'Reading': 'ושֻׁבו'}}]]]"
אמרו] 30 (pm) 93 (pm) 96 150 (pm) ואמרוII IV,"{'chapter': '14', 'verses': [3], 'lemmas': [{'lemma': 'אמרו'}]}","[[[{'Witnesses': [('', '30', 'pm'), ('', '93', 'pm'), ('', '96', ''), ('', '150', 'pm')]}, {'Rdg': {'Reading': 'ואמרו '}}, {'Cross References': ['II', 'IV']}]]]"
כל] 89 (pm) בלI,"{'chapter': '14', 'verses': [3], 'lemmas': [{'lemma': 'כל'}]}","[[[{'Witnesses': [('', '89', 'pm')]}, {'Rdg': {'Reading': 'בל'}}, {'Cross References': ['I']}]]]"
4 על] 93 (pm) 96 150 (pm) ועלIV,"{'chapter': '14', 'verses': [4], 'lemmas': [{'lemma': 'על'}]}","[[[{'Witnesses': [('', '93', 'pm'), ('', '96', ''), ('', '150', 'pm')]}, {'Rdg': {'Reading': 'ועל'}}, {'Cross References': ['IV']}]]]"
5 ממנו] G-B Msr 34 k ממני / q ממנוIV,"{'chapter': '14', 'verses': [5], 'lemmas': [{'lemma': 'ממנו'}]}","[[[{'Witnesses': [('G-B Msr ', '34', '')]}, {'Rdg': {'Reading': 'k ממני / q ממנו'}}, {'Cross References': ['IV']}]]]"
6 יפרח] 150 (pm) ויפרח,"{'chapter': '14', 'verses': [6], 'lemmas': [{'lemma': 'יפרח'}]}","[[[{'Witnesses': [('', '150', 'pm')]}, {'Rdg': {'Reading': 'ויפרח'}}]]]"
7–8 ילכו ינקותיו – כיין לבנון] 30 >,"{'chapter': '14', 'verses': [7, 8], 'lemmas': {'from': [{'lemma': 'ילכו'}, {'lemma': 'ינקותיו'}], 'to': [{'lemma': 'כיין'}, {'lemma': 'לבנון'}]}}","[[[{'Witnesses': [('', '30', '')]}, {'Rdg': {'Sigla': '>'}}]]]"
8 כגפן] 93 כד..,"{'chapter': '14', 'verses': [8], 'lemmas': [{'lemma': 'כגפן'}]}","[[[{'Witnesses': [('', '93', '')]}, {'Rdg': {'Reading': 'כד..'}}]]]"
9 אני1] 93 + אני,"{'chapter': '14', 'verses': [9], 'lemmas': [{'lemma': 'אני', 'number': '1'}]}","[[[{'Witnesses': [('', '93', '')]}, {'Rdg': {'Sigla': '+', 'Reading': 'אני'}}]]]"
10 חכָם] 93 חכֵם (!),"{'chapter': '14', 'verses': [10], 'lemmas': [{'lemma': 'חכָם'}]}","[[[{'Witnesses': [('', '93', '')]}, {'Rdg': {'Reading': 'חכֵם ', 'Comment': '(!)'}}]]]"
וצדקים] 96 צדיקים,"{'chapter': '14', 'verses': [10], 'lemmas': [{'lemma': 'וצדקים'}]}","[[[{'Witnesses': [('', '96', '')]}, {'Rdg': {'Reading': 'צדיקים'}}]]]"
